{
  "rectangleList": [
    {
      "width": 5.0124123E7,
      "length": 1.49413602E8
    },
    {
      "width": 2.02074265E8,
      "length": 3.42971346E8
    },
    {
      "width": 4.26203583E8,
      "length": 6.72044595E8
    },
    {
      "width": 1.715306383E9,
      "length": 1.939622263E9
    }
  ]
}