{
  "circleList": [
    {
      "radius": 1.971108826E9
    },
    {
      "radius": 5.45757285E8
    }
  ]
}