{
  "triangleList": [
    {
      "a": 6.44666339E8,
      "b": 1.046642527E9,
      "c": 1.427134416E9
    }
  ]
}