{
  "rectangleList": [
    {
      "width": 7.6976089E8,
      "length": 1.815082766E9
    },
    {
      "width": 7.66060886E8,
      "length": 1.039509553E9
    }
  ]
}